{
  "c": [
    116.31999969482,
    115.9700012207,
    119.48999786377,
    119.20999908447,
    119.26000213623,
    120.30000305176,
    119.38999938965
  ],
  "h": [
    121.98000335693,
    117.58000183105,
    119.58999633789,
    120.51999664307,
    119.67169952393,
    120.98999786377,
    120.66999816895
  ],
  "l": [
    116.12000274658,
    114.13999938965,
    116.51000213623,
    118.58000183105,
    117.87000274658,
    118.16999816895,
    118.98999786377
  ],
  "o": [
    120.5,
    115.56999969482,
    117.16999816895,
    119.55000305176,
    119.44000244141,
    118.93000030518,
    119.51000213623
  ],
  "s": "ok",
  "t": [
    1604880000,
    1604966400,
    1605052800,
    1605139200,
    1605225600,
    1605484800,
    1605571200
  ],
  "v": [
    154515312,
    138023392,
    112294952,
    103350672,
    81689000,
    91183016,
    74270976
  ]
}